<?xml version="1.0" encoding="UTF-8"?>
<configuration>
 
    <appender name="STDOUT" class="ch.qos.logback.core.ConsoleAppender">
        <encoder>
            <pattern>%d{HH:mm:ss.SSS} [%thread] %mdc{karateRequestId} %-5level %logger{36} - %msg%n</pattern>
        </encoder>
    </appender>
  
    <appender name="FILE" class="ch.qos.logback.core.FileAppender">
        <file>${karate.output.dir}/karate.log</file>
        <encoder>
            <pattern>%d{HH:mm:ss.SSS} [%thread] %mdc{karateRequestId} %-5level %logger{36} - %msg%n</pattern>
        </encoder>
    </appender>    
   
    <logger name="com.intuit.karate" level="DEBUG"/>
   
    <root level="warn">
        <appender-ref ref="STDOUT" />
        <appender-ref ref="FILE" />
    </root>
  
</configuration>
